0x00040200, 11
0x00040220, 8
0x00040260, 2
0x00040280, 287
0x000402a0, 3
0x00040580, 2
0x000405a0, 8
0x000405c0, 27
0x00041000, 2
0x00041020, 14
0x00041040, 14
0x000410a0, 3
0x00041360, 3
0x000413e0, 3
0x00041440, 3
0x00041520, 17
0x000415e0, 9
0x00041600, 9
0x00045600, 8
0x000456c0, 8
0x0024d640, 108
0x0024d660, 48
0x00255680, 244
0x002556a0, 55
0x003fffe0, 2
0x00ab5760, 559
0x00ab5780, 98
0x00ab57a0, 1
0x00ab57c0, 6
0x00ab57e0, 7
0x00ab58e0, 1
0x00ab5920, 1
0x00ab5980, 4
0x00ab59a0, 5
0x00ab59c0, 1
0x00ab59e0, 1
0x00ab5a00, 8
0x01ab9b00, 62
0x01ab9b40, 52
0x01ab9b60, 7
0x01ab9b80, 71
0x01ab9ba0, 3
0x01ab9bc0, 53
0x01ab9be0, 17
0x01ab9c00, 3
0x01ab9c20, 20
0x01ab9dc0, 1
0x01ab9de0, 4
0x01ab9e00, 2
0x01ab9e20, 1
0x01ab9e40, 1
0x01ab9e60, 2
0x01ab9e80, 6
0x01ab9ea0, 4
0x01ab9ec0, 4
0x01ab9ee0, 6
0x01ab9f00, 6
0x01ab9f20, 6
0x01ab9f40, 6
0x01ab9f60, 6
0x01ab9f80, 3
0x01ab9fa0, 5
0x01ab9fc0, 5
0x01ab9fe0, 3
0x01aba000, 3
0x01aba020, 3
0x01aba040, 4
0x01aba060, 3
0x01aba080, 3
0x01aba0a0, 3
0x01aba0c0, 3
0x01aba0e0, 3
0x01aba100, 2
0x01aba120, 4
0x01aba140, 3
0x01aba160, 3
0x01aba180, 4
0x01aba1a0, 3
0x01aba1c0, 6
0x01aba1e0, 5
0x01aba200, 6
0x01aba220, 3
0x01aba240, 3
0x01aba260, 3
0x01aba280, 5
0x01aba2a0, 6
0x01aba2c0, 5
0x01aba2e0, 6
0x01aba300, 6
0x01aba320, 6
0x01aba340, 6
0x01aba360, 5
0x01aba380, 3
0x01aba3a0, 3
0x01aba3c0, 5
0x01aba3e0, 3
0x01aba400, 3
0x01aba420, 6
0x01aba440, 3
0x01aba460, 3
0x01aba480, 5
0x01aba4a0, 3
0x01aba4c0, 3
0x01aba4e0, 3
0x01aba500, 3
0x01aba520, 3
0x01aba540, 3
0x01aba560, 3
0x01aba580, 3
0x01aba5a0, 3
0x01aba5c0, 6
0x01aba5e0, 6
0x01aba600, 3
0x01aba620, 3
0x01aba640, 3
0x01aba660, 5
0x01aba680, 6
0x01aba6a0, 5
0x01aba6c0, 6
0x01aba6e0, 6
0x01aba700, 6
0x01aba720, 3
0x01abadc0, 3
0x01abade0, 7
0x01abae00, 3
0x01abae20, 3
0x01abae40, 3
0x01abae60, 5
0x01abae80, 5
0x01abaea0, 6
0x01abaec0, 6
0x01abaee0, 5
0x01abaf00, 6
0x01abaf20, 7
0x01abaf40, 6
0x01abaf60, 5
0x01abaf80, 3
0x01abafa0, 3
0x01abafc0, 5
0x01abafe0, 4
0x01abb000, 3
0x01abb020, 3
0x01abb040, 3
0x01abb060, 4
0x01abb080, 4
0x01abb0a0, 3
0x01abb0c0, 3
0x01abb0e0, 2
0x01abb100, 3
0x01abb120, 5
0x01abb140, 3
0x01abb160, 3
0x01abb180, 3
0x01abb1a0, 4
0x01abb1c0, 6
0x01abb1e0, 5
0x01abb200, 4
0x01abb220, 3
0x01abb240, 3
0x01abb260, 4
0x01abb280, 6
0x01abb2a0, 5
0x01abb2c0, 5
0x01abb2e0, 6
0x01abb300, 7
0x01abb320, 6
0x01abb340, 5
0x01abb360, 6
0x01abb380, 6
0x01abb3a0, 4
0x01abb3c0, 6
0x01abb3e0, 4
0x01abb400, 4
0x01abb420, 5
0x01abb440, 5
0x01abb460, 4
0x01abb480, 3
0x01abb4a0, 3
0x01abb4c0, 3
0x01abb4e0, 4
0x01abb500, 3
0x01abb520, 3
0x01abb540, 3
0x01abb560, 3
0x01abb580, 4
0x01abb5a0, 3
0x01abb5c0, 6
0x01abb5e0, 5
0x01abb600, 3
0x01abb620, 3
0x01abb640, 3
0x01abb660, 4
0x01abb680, 6
0x01abb6a0, 5
0x01abb6c0, 4
0x01abb6e0, 5
0x01abb700, 5
0x01abb720, 4
0x01abbdc0, 1
0x01abbde0, 48
0x01abbee0, 501
0x01abbf00, 709
0x01ac9dc0, 2
0x01ac9de0, 2
0x01ac9e00, 4
0x01ac9e20, 3
0x01ac9e40, 4
0x01ac9e60, 4
0x01ac9e80, 4
0x01ac9ea0, 3
0x01ac9ec0, 10
0x01ac9ee0, 15
0x01ac9f00, 21
0x01ac9f20, 10
0x01ac9f40, 10
0x01ac9f60, 4
0x01ac9f80, 5
0x01ac9fa0, 3
0x01ac9fc0, 6
0x01ac9fe0, 5
0x01aca000, 5
0x01aca020, 5
0x01aca040, 3
0x01aca060, 3
0x01aca080, 3
0x01aca0a0, 4
0x01aca0c0, 3
0x01aca0e0, 3
0x01aca100, 5
0x01aca120, 6
0x01aca140, 9
0x01aca160, 5
0x01aca180, 7
0x01aca1a0, 3
0x01aca1c0, 3
0x01aca1e0, 5
0x01aca200, 6
0x01aca220, 8
0x01aca240, 5
0x01aca260, 8
0x01aca280, 6
0x01aca2a0, 3
0x01aca2c0, 3
0x01aca2e0, 4
0x01aca300, 4
0x01aca320, 6
0x01aca340, 4
0x01aca360, 5
0x01aca380, 3
0x01aca3a0, 3
0x01aca3c0, 3
0x01aca3e0, 3
0x01aca400, 5
0x01aca420, 9
0x01aca440, 14
0x01aca460, 23
0x01aca480, 7
0x01aca4a0, 12
0x01aca4c0, 3
0x01aca4e0, 3
0x01aca500, 3
0x01aca520, 5
0x01aca540, 3
0x01aca560, 3
0x01aca580, 3
0x01aca5a0, 3
0x01aca5c0, 3
0x01aca5e0, 3
0x01aca600, 3
0x01aca620, 3
0x01aca640, 4
0x01aca660, 6
0x01aca680, 11
0x01aca6a0, 10
0x01aca6c0, 5
0x01aca6e0, 9
0x01aca700, 4
0x01aca720, 5
0x01aca740, 6
0x01aca760, 6
0x01aca780, 10
0x01aca7a0, 6
0x01aca7c0, 6
0x01aca7e0, 3
0x01aca800, 4
0x01aca820, 4
0x01aca840, 3
0x01aca860, 3
0x01aca880, 3
0x01aca8a0, 3
0x01aca8c0, 3
0x01aca8e0, 3
0x01aca900, 3
0x01aca920, 3
0x01aca940, 3
0x01aca960, 3
0x01aca980, 12
0x01aca9a0, 12
0x01aca9c0, 22
0x01aca9e0, 9
0x01acaa00, 16
0x01acaa20, 3
0x01acaa40, 5
0x01acaa60, 5
0x01acaa80, 5
0x01acaaa0, 3
0x01acaac0, 3
0x01acaae0, 4
0x01acab00, 6
0x01acab20, 5
0x01acab40, 3
0x01acab60, 4
0x01acab80, 3
0x01acaba0, 3
0x01acabc0, 3
0x01acabe0, 3
0x01adade0, 15
0x01adae00, 8
0x01adae20, 3
0x01adae40, 3
0x01adae60, 5
0x01adae80, 10
0x01adaea0, 6
0x01adaec0, 6
0x01adaee0, 9
0x01adaf00, 12
0x01adaf20, 17
0x01adaf40, 10
0x01adaf60, 13
0x01adaf80, 4
0x01adafa0, 3
0x01adafc0, 11
0x01adafe0, 4
0x01adb000, 5
0x01adb020, 6
0x01adb040, 4
0x01adb060, 3
0x01adb080, 3
0x01adb0a0, 3
0x01adb0c0, 3
0x01adb0e0, 3
0x01adb100, 3
0x01adb120, 4
0x01adb140, 3
0x01adb160, 3
0x01adb180, 3
0x01adb1a0, 3
0x01adb1c0, 9
0x01adb1e0, 9
0x01adb200, 3
0x01adb220, 4
0x01adb240, 3
0x01adb260, 5
0x01adb280, 7
0x01adb2a0, 6
0x01adb2c0, 6
0x01adb2e0, 10
0x01adb300, 10
0x01adb320, 15
0x01adb340, 9
0x01adb360, 16
0x01adb380, 4
0x01adb3a0, 3
0x01adb3c0, 8
0x01adb3e0, 4
0x01adb400, 4
0x01adb420, 6
0x01adb440, 5
0x01adb460, 3
0x01adb480, 3
0x01adb4a0, 3
0x01adb4c0, 3
0x01adb4e0, 3
0x01adb500, 3
0x01adb520, 4
0x01adb540, 3
0x01adb560, 3
0x01adb580, 3
0x01adb5a0, 4
0x01adb5c0, 6
0x01adb5e0, 9
0x01adb600, 5
0x01adb620, 3
0x01adb640, 3
0x01adb660, 5
0x01adb680, 9
0x01adb6a0, 8
0x01adb6c0, 7
0x01adb6e0, 8
0x01adb700, 15
0x01adb720, 16
0x01adb740, 6
0x01adb760, 18
0x01adb780, 4
0x01adb7a0, 3
0x01adb7c0, 11
0x01adb7e0, 6
0x01adb800, 3
0x01adb820, 8
0x01adb840, 3
0x01adb860, 3
0x01adb880, 4
0x01adb8a0, 3
0x01adb8c0, 4
0x01adb8e0, 3
0x01adb900, 3
0x01adb920, 3
0x01adb940, 3
0x01adb960, 3
0x01adb980, 3
0x01adb9a0, 4
0x01adb9c0, 9
0x01adb9e0, 9
0x01adba00, 3
0x01adba20, 4
0x01adba40, 3
0x01adba60, 7
0x01adba80, 7
0x01adbaa0, 10
0x01adbac0, 6
0x01adbae0, 10
0x01adbb00, 9
0x01adbb20, 16
0x01adbb40, 8
0x01adbb60, 14
0x01adbb80, 5
0x01adbba0, 3
0x01adbbc0, 8
0x01adbbe0, 4
0x01adbc00, 4
0x01adbc20, 3
0x01adbc40, 3
0x01adbc60, 3
0x01adbc80, 3
0x01adbca0, 3
0x01adbcc0, 2
0x01adbce0, 2
0x01adbd00, 2
0x01adbd20, 4
0x01adbd40, 2
0x01adbd60, 1
0x01adbd80, 1
0x01adbda0, 1
0x01adbdc0, 2
0x01adbde0, 2
0x01adbe00, 2
0x01adbe20, 1
0x01adbe40, 1
0x01adbe60, 5
0x01adbe80, 3
0x01adbea0, 1
0x01adbec0, 1
0x01adbee0, 2
0x01adbf00, 4
0x01adbf20, 7
0x01adbf40, 1
0x01adbf60, 3
0x01adbf80, 1
0x01adbfa0, 1
0x01adbfc0, 1
0x01adbfe0, 1
0x01adc000, 1
0x01adc020, 1
0x01adc040, 1
0x01adc060, 1
0x01adc080, 1
0x01adc0a0, 1
0x01adc0c0, 1
0x01aeade0, 7
0xff83f8e0, 11
0xff83f900, 18
0xff83f920, 37
0xff83f940, 2
0xff83f960, 3
0xff83f980, 7
0xff83f9a0, 1
0xff83f9c0, 4
0xff87f8e0, 13
0xff87f900, 14
0xff87f920, 42
0xff87f940, 2
0xff87f960, 3
0xff87f980, 6
0xff87f9a0, 1
0xff87f9c0, 4
0xff8bf8a0, 1
0xff8bf8c0, 1
0xff8bf8e0, 13
0xff8bf900, 17
0xff8bf920, 28
0xff8bf940, 2
0xff8bf960, 3
0xff8bf980, 7
0xff8bf9a0, 1
0xff8bf9c0, 3
0xff8ff8a0, 1
0xff8ff8c0, 1
0xff8ff8e0, 14
0xff8ff900, 14
0xff8ff920, 34
0xff8ff940, 2
0xff8ff960, 2
0xff8ff980, 7
0xff8ff9a0, 1
0xff8ff9c0, 3
0xff93f980, 25
0xff93f9a0, 76
0xff93f9c0, 230
0xff93f9e0, 27
0xff93fa00, 60
0xff93fa20, 2
0xff93fa40, 3
0xff93fa60, 8
0xff93fa80, 1
0xff93faa0, 3
0xff97f980, 27
0xff97f9a0, 81
0xff97f9c0, 235
0xff97f9e0, 22
0xff97fa00, 66
0xff97fa20, 2
0xff97fa40, 2
0xff97fa60, 7
0xff97fa80, 1
0xff97faa0, 3
0xff9bf980, 30
0xff9bf9a0, 74
0xff9bf9c0, 231
0xff9bf9e0, 24
0xff9bfa00, 67
0xff9bfa20, 2
0xff9bfa40, 3
0xff9bfa60, 7
0xff9bfa80, 1
0xff9bfaa0, 4
0xff9ff980, 28
0xff9ff9a0, 86
0xff9ff9c0, 258
0xff9ff9e0, 26
0xff9ffa00, 66
0xff9ffa20, 1
0xff9ffa40, 3
0xff9ffa60, 7
0xff9ffa80, 1
0xff9ffaa0, 4
0xffa3fa60, 26
0xffa3fa80, 84
0xffa3faa0, 258
0xffa3fac0, 24
0xffa3fae0, 58
0xffa3fb00, 2
0xffa3fb20, 2
0xffa3fb40, 7
0xffa3fb60, 1
0xffa3fb80, 3
0xffa7fa60, 28
0xffa7fa80, 74
0xffa7faa0, 215
0xffa7fac0, 25
0xffa7fae0, 55
0xffa7fb00, 2
0xffa7fb20, 3
0xffa7fb40, 6
0xffa7fb60, 1
0xffa7fb80, 3
0xffabfa60, 24
0xffabfa80, 86
0xffabfaa0, 287
0xffabfac0, 24
0xffabfae0, 57
0xffabfb00, 2
0xffabfb20, 3
0xffabfb40, 6
0xffabfb60, 1
0xffabfb80, 4
0xffaffa60, 24
0xffaffa80, 76
0xffaffaa0, 257
0xffaffac0, 24
0xffaffae0, 60
0xffaffb00, 2
0xffaffb20, 3
0xffaffb40, 7
0xffaffb60, 1
0xffaffb80, 4
0xffb3fb40, 24
0xffb3fb60, 96
0xffb3fb80, 323
0xffb3fba0, 25
0xffb3fbc0, 89
0xffb3fbe0, 2
0xffb3fc00, 3
0xffb3fc20, 9
0xffb3fc40, 1
0xffb3fc60, 4
0xffb7fb40, 25
0xffb7fb60, 99
0xffb7fb80, 359
0xffb7fba0, 45
0xffb7fbc0, 89
0xffb7fbe0, 2
0xffb7fc00, 3
0xffb7fc20, 9
0xffb7fc40, 1
0xffb7fc60, 4
0xffbbfb40, 24
0xffbbfb60, 112
0xffbbfb80, 396
0xffbbfba0, 46
0xffbbfbc0, 87
0xffbbfbe0, 1
0xffbbfc00, 3
0xffbbfc20, 7
0xffbbfc40, 1
0xffbbfc60, 4
0xffbffb40, 26
0xffbffb60, 91
0xffbffb80, 327
0xffbffba0, 46
0xffbffbc0, 90
0xffbffbe0, 2
0xffbffc00, 2
0xffbffc20, 8
0xffbffc40, 1
0xffbffc60, 3
0xffc3fc20, 27
0xffc3fc40, 95
0xffc3fc60, 323
0xffc3fc80, 49
0xffc3fca0, 97
0xffc3fcc0, 2
0xffc3fce0, 2
0xffc3fd00, 7
0xffc3fd20, 1
0xffc3fd40, 4
0xffc7fc20, 27
0xffc7fc40, 98
0xffc7fc60, 340
0xffc7fc80, 69
0xffc7fca0, 90
0xffc7fcc0, 2
0xffc7fce0, 3
0xffc7fd00, 8
0xffc7fd20, 1
0xffc7fd40, 3
0xffcbfc20, 26
0xffcbfc40, 92
0xffcbfc60, 338
0xffcbfc80, 54
0xffcbfca0, 96
0xffcbfcc0, 2
0xffcbfce0, 3
0xffcbfd00, 9
0xffcbfd20, 1
0xffcbfd40, 4
0xffcffc20, 27
0xffcffc40, 113
0xffcffc60, 322
0xffcffc80, 57
0xffcffca0, 87
0xffcffcc0, 2
0xffcffce0, 3
0xffcffd00, 8
0xffcffd20, 1
0xffcffd40, 4
0xffd3fd00, 25
0xffd3fd20, 88
0xffd3fd40, 326
0xffd3fd60, 60
0xffd3fd80, 88
0xffd3fda0, 2
0xffd3fdc0, 3
0xffd3fde0, 7
0xffd3fe00, 1
0xffd3fe20, 4
0xffd7fd00, 24
0xffd7fd20, 98
0xffd7fd40, 300
0xffd7fd60, 58
0xffd7fd80, 88
0xffd7fda0, 1
0xffd7fdc0, 3
0xffd7fde0, 8
0xffd7fe00, 1
0xffd7fe20, 3
0xffdbfd00, 22
0xffdbfd20, 93
0xffdbfd40, 329
0xffdbfd60, 62
0xffdbfd80, 86
0xffdbfda0, 2
0xffdbfdc0, 3
0xffdbfde0, 7
0xffdbfe00, 1
0xffdbfe20, 3
0xffdffd00, 28
0xffdffd20, 89
0xffdffd40, 313
0xffdffd60, 61
0xffdffd80, 93
0xffdffda0, 2
0xffdffdc0, 3
0xffdffde0, 10
0xffdffe00, 1
0xffdffe20, 4
0xffe3fde0, 25
0xffe3fe00, 107
0xffe3fe20, 347
0xffe3fe40, 64
0xffe3fe60, 90
0xffe3fe80, 2
0xffe3fea0, 3
0xffe3fec0, 8
0xffe3fee0, 1
0xffe3ff00, 3
0xffe7fde0, 26
0xffe7fe00, 111
0xffe7fe20, 371
0xffe7fe40, 66
0xffe7fe60, 98
0xffe7fe80, 2
0xffe7fea0, 1
0xffe7fec0, 8
0xffe7fee0, 1
0xffe7ff00, 3
0xffebfde0, 24
0xffebfe00, 96
0xffebfe20, 362
0xffebfe40, 72
0xffebfe60, 94
0xffebfe80, 2
0xffebfea0, 2
0xffebfec0, 8
0xffebfee0, 1
0xffebff00, 4
0xffeffde0, 26
0xffeffe00, 112
0xffeffe20, 398
0xffeffe40, 73
0xffeffe60, 100
0xffeffe80, 2
0xffeffea0, 3
0xffeffec0, 7
0xffeffee0, 1
0xffefff00, 4
0xfff3fec0, 15
0xfff3fee0, 61
0xfff3ff00, 224
0xfff3ff20, 59
0xfff3ff40, 86
0xfff3ff60, 2
0xfff3ff80, 3
0xfff3ffa0, 6
0xfff3ffc0, 1
0xfff3ffe0, 3
0xfff7fec0, 14
0xfff7fee0, 61
0xfff7ff00, 234
0xfff7ff20, 53
0xfff7ff40, 83
0xfff7ff60, 2
0xfff7ff80, 2
0xfff7ffa0, 4
0xfff7ffc0, 1
0xfff7ffe0, 2
0xfffbfec0, 14
0xfffbfee0, 68
0xfffbff00, 231
0xfffbff20, 49
0xfffbff40, 79
0xfffbff60, 2
0xfffbff80, 2
0xfffbffa0, 6
0xfffbffc0, 1
0xfffbffe0, 3
0xfffefa40, 2
0xfffefa60, 2
0xfffefa80, 4
0xfffefaa0, 4
0xfffefac0, 58
0xfffefae0, 467
0xfffefb00, 736
0xfffefb20, 816
0xfffefb40, 47
0xfffefb60, 551
0xfffefb80, 19
0xfffefba0, 6
0xfffefbc0, 41
0xfffefee0, 21
0xfffeff20, 578
0xfffffc00, 11
0xfffffc40, 7
0xfffffda0, 4
0xfffffdc0, 36
0xfffffde0, 52
0xfffffe00, 18
0xfffffe40, 7
0xfffffe60, 34
0xfffffe80, 223
0xfffffea0, 64
0xfffffec0, 79
0xfffffee0, 578
0xffffff00, 986
0xffffff20, 728
0xffffff40, 125
0xffffff60, 489
0xffffff80, 1
0xffffffa0, 9
0xffffffc0, 1
0xffffffe0, 1
